/b/bayou,/b/badlands,/b/bamboo_forest,/a/abbey,/a/amusement_park
/b/beach,/b/butte,/b/barn,/a/amphitheater,/a/athletic_field/outdoor
/b/boardwalk,/c/canyon,/b/bayou,/a/aqueduct,/b/baseball_field
/b/boathouse,/c/cavern/indoor,/b/boardwalk,/a/arch,/b/basketball_court/outdoor
/c/canal/natural,/c/cliff,/b/botanical_garden,/b/basilica,/b/batters_box
/c/coast,/d/desert/sand,/c/corn_field,/b/bazaar/outdoor,/b/boardwalk
/c/creek,/d/desert/vegetation,/c/corral,/c/campus,/b/bullring
/c/crevasse,/h/hill,/c/cottage_garden,/c/castle,/c/campsite
/d/dam,/m/mountain,/f/fairway,/c/cathedral/outdoor,/c/carrousel
/d/dock,/m/mountain_snowy,/f/field/cultivated,/c/cemetery,/d/driving_range/outdoor
/f/fishpond,/r/rock_arch,/f/field/wild,/c/church/outdoor,/f/fairway
/h/hot_spring,/s/sky,/f/forest/broadleaf,/c/courthouse,/f/fishpond
/i/ice_floe,/v/valley,/f/forest/needleleaf,/c/courtyard,/f/forest_road
/i/ice_shelf,/v/volcano,/f/forest_path,/f/fountain,/g/gazebo/exterior
/i/iceberg,,/f/forest_road,/k/kasbah,/g/golf_course
/i/igloo,,/f/formal_garden,/l/labyrinth/outdoor,/h/hot_tub/outdoor
/i/islet,,/g/golf_course,/l/library/outdoor,/i/ice_skating_rink/outdoor
/l/lake/natural,,/h/hayfield,/l/lighthouse,/i/igloo
/m/marsh,,/h/herb_garden,/m/mausoleum,/l/labyrinth/outdoor
/m/mountain_snowy,,/m/marsh,/m/medina,/l/lido_deck/outdoor
/o/ocean,,/o/orchard,/m/moat/water,/p/park
/p/pond,,/o/outhouse/outdoor,/m/monastery/outdoor,/p/pavilion
/r/raft,,/p/park,/m/mosque/outdoor,/p/picnic_area
/r/river,,/p/pasture,/o/oast_house,/p/playground
/s/sandbar,,/p/picnic_area,/o/observatory/outdoor,/p/podium/outdoor
/s/sea_cliff,,/p/playground,/p/pagoda,/p/putting_green
/s/ski_slope,,/p/putting_green,/p/palace,/r/racecourse
/s/snowfield,,/r/rainforest,/p/planetarium/outdoor,/r/raceway
/s/swamp,,/r/rice_paddy,/p/plaza,/r/rope_bridge
/u/underwater/coral_reef,,/s/swamp,/p/podium/outdoor,/s/sandbox
/w/waterfall/block,,/t/topiary_garden,/r/ruin,/s/skatepark
/w/waterfall/fan,,/t/tree_farm,/s/synagogue/outdoor,/s/ski_slope
/w/waterfall/plunge,,/t/tree_house,/t/temple/east_asia,/s/stadium/baseball
/w/watering_hole,,/v/vegetable_garden,/t/temple/south_asia,/s/stadium/football
/w/wave,,/v/vineyard,/t/tower,/s/swimming_pool/outdoor
,,/w/wheat_field,/v/viaduct,/t/tennis_court/outdoor
,,/w/wind_farm,/w/windmill,/t/tent/outdoor
,,/y/yard,,/t/track/outdoor
,,,,/t/tree_house
,,,,/v/volleyball_court/outdoor