/b/bayou,/b/badlands,/b/bamboo_forest
/b/beach,/b/butte,/b/barn
/b/boardwalk,/c/canyon,/b/bayou
/b/boathouse,/c/cavern/indoor,/b/boardwalk
/c/canal/natural,/c/cliff,/b/botanical_garden
/c/coast,/d/desert/sand,/c/corn_field
/c/creek,/d/desert/vegetation,/c/corral
/c/crevasse,/h/hill,/c/cottage_garden
/d/dam,/m/mountain,/f/fairway
/d/dock,/m/mountain_snowy,/f/field/cultivated
/f/fishpond,/r/rock_arch,/f/field/wild
/h/hot_spring,/s/sky,/f/forest/broadleaf
/i/ice_floe,/v/valley,/f/forest/needleleaf
/i/ice_shelf,/v/volcano,/f/forest_path
/i/iceberg,,/f/forest_road
/i/igloo,,/f/formal_garden
/i/islet,,/g/golf_course
/l/lake/natural,,/h/hayfield
/m/marsh,,/h/herb_garden
/m/mountain_snowy,,/m/marsh
/o/ocean,,/o/orchard
/p/pond,,/o/outhouse/outdoor
/r/raft,,/p/park
/r/river,,/p/pasture
/s/sandbar,,/p/picnic_area
/s/sea_cliff,,/p/playground
/s/ski_slope,,/p/putting_green
/s/snowfield,,/r/rainforest
/s/swamp,,/r/rice_paddy
/u/underwater/coral_reef,,/s/swamp
/w/waterfall/block,,/t/topiary_garden
/w/waterfall/fan,,/t/tree_farm
/w/waterfall/plunge,,/t/tree_house
/w/watering_hole,,/v/vegetable_garden
/w/wave,,/v/vineyard
,,/w/wheat_field
,,/w/wind_farm
,,/y/yard